bayonetta\model\bat\c00,64,72,72,0
bayonetta\model\bat\c04,64,72,74,0
bayonetta\model\body\c00,64,72,0,0
bayonetta\model\body\c01,64,72,4,0
bayonetta\model\body\c02,64,72,8,0
bayonetta\model\body\c03,64,72,12,0
bayonetta\model\body\c04,64,72,16,0
bayonetta\model\body\c05,64,72,20,0
bayonetta\model\body\c06,64,72,24,0
bayonetta\model\body\c07,64,72,28,0
bayonetta\model\body\l00,64,72,0,0
bayonetta\model\body\l01,64,72,4,0
bayonetta\model\body\l02,64,72,8,0
bayonetta\model\body\l03,64,72,12,0
bayonetta\model\body\l04,64,72,16,0
bayonetta\model\body\l05,64,72,20,0
bayonetta\model\body\l06,64,72,24,0
bayonetta\model\body\l07,64,72,28,0
bayonetta\model\gomorrah\c00,64,72,96,0
bayonetta\model\gomorrah\c02,64,72,97,0
bayonetta\model\hair\c00,64,72,104,0
bayonetta\model\hair\c02,64,72,105,0
bayonetta\model\wickedweavearm\c00,64,72,80,0
bayonetta\model\wickedweavearm\c02,64,72,81,0
bayonetta\model\wickedweaveleg\c00,64,72,88,0
bayonetta\model\wickedweaveleg\c02,64,72,89,0
captain\model\bluefalcon\c00,64,0,72,0
captain\model\body\c00,64,0,0,0
captain\model\body\c01,64,0,4,0
captain\model\body\c02,64,0,8,0
captain\model\body\c03,64,0,12,0
captain\model\body\c04,64,0,16,0
captain\model\body\c05,64,0,20,0
captain\model\body\c06,64,0,24,0
captain\model\body\c07,64,0,28,0
captain\model\body\l00,64,0,0,0
captain\model\body\l01,64,0,4,0
captain\model\body\l02,64,0,8,0
captain\model\body\l03,64,0,12,0
captain\model\body\l04,64,0,16,0
captain\model\body\l05,64,0,20,0
captain\model\body\l06,64,0,24,0
captain\model\body\l07,64,0,28,0
cloud\model\body\c00,64,71,0,0
cloud\model\body\c01,64,71,4,0
cloud\model\body\c02,64,71,8,0
cloud\model\body\c03,64,71,12,0
cloud\model\body\c04,64,71,16,0
cloud\model\body\c05,64,71,20,0
cloud\model\body\c06,64,71,24,0
cloud\model\body\c07,64,71,28,0
cloud\model\body\l01,64,71,4,0
cloud\model\body\l03,64,71,12,0
cloud\model\body\l05,64,71,20,0
cloud\model\body\l07,64,71,28,0
dedede\model\body\c00,64,1,0,0
dedede\model\body\c01,64,1,4,0
dedede\model\body\c02,64,1,8,0
dedede\model\body\c03,64,1,12,0
dedede\model\body\c04,64,1,16,0
dedede\model\body\c05,64,1,20,0
dedede\model\body\c06,64,1,24,0
dedede\model\body\c07,64,1,28,0
dedede\model\bomb\c00,64,1,120,0
dedede\model\bombhammer\c00,64,1,128,0
dedede\model\gordo\c00,64,1,72,0
dedede\model\jethammer\c00,64,1,96,0
dedede\model\shrine\c00,64,1,104,0
dedede\model\starmissile\c00,64,1,112,0
dedede\model\waddledee\c00,64,1,80,0
diddy\model\barreljet\c00,64,2,72,0
diddy\model\body\c00,64,2,0,0
diddy\model\body\c01,64,2,4,0
diddy\model\body\c02,64,2,8,0
diddy\model\body\c03,64,2,12,0
diddy\model\body\c04,64,2,16,0
diddy\model\body\c05,64,2,20,0
diddy\model\body\c06,64,2,24,0
diddy\model\body\c07,64,2,28,0
diddy\model\body\l00,64,2,0,0
diddy\model\body\l01,64,2,4,0
diddy\model\body\l02,64,2,8,0
diddy\model\body\l03,64,2,12,0
diddy\model\body\l04,64,2,16,0
diddy\model\body\l05,64,2,20,0
diddy\model\body\l06,64,2,24,0
diddy\model\body\l07,64,2,28,0
diddy\model\dkbarrel\c00,64,2,80,0
diddy\model\gun\c00,64,2,88,0
diddy\model\peanuts\c00,64,2,96,0
donkey\model\barrelconga\c00,64,3,72,0
donkey\model\body\c00,64,3,0,0
donkey\model\body\c01,64,3,4,0
donkey\model\body\c02,64,3,8,0
donkey\model\body\c03,64,3,12,0
donkey\model\body\c04,64,3,16,0
donkey\model\body\c05,64,3,20,0
donkey\model\body\c06,64,3,24,0
donkey\model\body\c07,64,3,28,0
donkey\model\body\l00,64,3,0,0
donkey\model\body\l01,64,3,4,0
donkey\model\body\l02,64,3,8,0
donkey\model\body\l03,64,3,12,0
donkey\model\body\l04,64,3,16,0
donkey\model\body\l05,64,3,20,0
donkey\model\body\l06,64,3,24,0
donkey\model\body\l07,64,3,28,0
donkey\model\dkbarrel\c00,64,3,80,0
duckhunt\model\body\c00,64,4,0,0
duckhunt\model\body\c01,64,4,4,0
duckhunt\model\body\c02,64,4,8,0
duckhunt\model\body\c03,64,4,12,0
duckhunt\model\body\c04,64,4,16,0
duckhunt\model\body\c05,64,4,20,0
duckhunt\model\body\c06,64,4,24,0
duckhunt\model\body\c07,64,4,28,0
duckhunt\model\can\c00,64,4,80,0
duckhunt\model\clay\c00,64,4,88,0
duckhunt\model\finalbird\c00,64,4,144,0
duckhunt\model\finalcan\c00,64,4,168,0
duckhunt\model\finaldog\c00,64,4,120,0
duckhunt\model\finalduck\c00,64,4,112,0
duckhunt\model\finalenemy\c00,64,4,136,0
duckhunt\model\finalgrass\c00,64,4,152,0
duckhunt\model\finalgunman\c00,64,4,128,0
duckhunt\model\grass\c00,64,4,160,0
duckhunt\model\gunman\c00,64,4,96,0
duckhunt\model\kurofukuhat\c00,64,4,104,0
falco\model\arwing\c00,64,5,72,0
falco\model\blaster\c00,64,5,80,0
falco\model\body\c00,64,5,0,0
falco\model\body\c01,64,5,4,0
falco\model\body\c02,64,5,8,0
falco\model\body\c03,64,5,12,0
falco\model\body\c04,64,5,16,0
falco\model\body\c05,64,5,20,0
falco\model\body\c06,64,5,24,0
falco\model\body\c07,64,5,28,0
falco\model\body\l00,64,5,0,0
falco\model\body\l01,64,5,4,0
falco\model\body\l02,64,5,8,0
falco\model\body\l03,64,5,12,0
falco\model\body\l04,64,5,16,0
falco\model\body\l05,64,5,20,0
falco\model\body\l06,64,5,24,0
falco\model\body\l07,64,5,28,0
falco\model\landmaster\c00,64,5,88,0
fox\model\arwing\c00,64,6,72,0
fox\model\blaster\c00,64,6,80,0
fox\model\body\c00,64,6,0,0
fox\model\body\c01,64,6,4,0
fox\model\body\c02,64,6,8,0
fox\model\body\c03,64,6,12,0
fox\model\body\c04,64,6,16,0
fox\model\body\c05,64,6,20,0
fox\model\body\c06,64,6,24,0
fox\model\body\c07,64,6,28,0
fox\model\body\l00,64,6,0,0
fox\model\body\l01,64,6,4,0
fox\model\body\l02,64,6,8,0
fox\model\body\l03,64,6,12,0
fox\model\body\l04,64,6,16,0
fox\model\body\l05,64,6,20,0
fox\model\body\l06,64,6,24,0
fox\model\body\l07,64,6,28,0
fox\model\landmaster\c00,64,6,88,0
gamewatch\model\body\c00,64,7,0,0
gamewatch\model\body\c01,64,7,4,0
gamewatch\model\body\c02,64,7,8,0
gamewatch\model\body\c03,64,7,12,0
gamewatch\model\body\c04,64,7,16,0
gamewatch\model\body\c05,64,7,20,0
gamewatch\model\body\c06,64,7,24,0
gamewatch\model\body\c07,64,7,28,0
gamewatch\model\breath\c00,64,7,72,0
gamewatch\model\breath\c01,64,7,72,128
gamewatch\model\breath\c02,64,7,73,0
gamewatch\model\breath\c03,64,7,73,128
gamewatch\model\breath\c04,64,7,74,0
gamewatch\model\breath\c05,64,7,74,128
gamewatch\model\breath\c06,64,7,75,0
gamewatch\model\breath\c07,64,7,75,128
gamewatch\model\entry\c00,64,7,80,0
gamewatch\model\entry\c01,64,7,80,128
gamewatch\model\entry\c02,64,7,81,0
gamewatch\model\entry\c03,64,7,81,128
gamewatch\model\entry\c04,64,7,82,0
gamewatch\model\entry\c05,64,7,82,128
gamewatch\model\entry\c06,64,7,83,0
gamewatch\model\entry\c07,64,7,83,128
gamewatch\model\fire\c00,64,7,88,0
gamewatch\model\fire\c01,64,7,88,128
gamewatch\model\fire\c02,64,7,89,0
gamewatch\model\fire\c03,64,7,89,128
gamewatch\model\fire\c04,64,7,90,0
gamewatch\model\fire\c05,64,7,90,128
gamewatch\model\fire\c06,64,7,91,0
gamewatch\model\fire\c07,64,7,91,128
gamewatch\model\fish\c00,64,7,96,0
gamewatch\model\fish\c01,64,7,96,128
gamewatch\model\fish\c02,64,7,97,0
gamewatch\model\fish\c03,64,7,97,128
gamewatch\model\fish\c04,64,7,98,0
gamewatch\model\fish\c05,64,7,98,128
gamewatch\model\fish\c06,64,7,99,0
gamewatch\model\fish\c07,64,7,99,128
gamewatch\model\friedprawns\c00,64,7,104,0
gamewatch\model\friedprawns\c01,64,7,104,128
gamewatch\model\friedprawns\c02,64,7,105,0
gamewatch\model\friedprawns\c03,64,7,105,128
gamewatch\model\friedprawns\c04,64,7,106,0
gamewatch\model\friedprawns\c05,64,7,106,128
gamewatch\model\friedprawns\c06,64,7,107,0
gamewatch\model\friedprawns\c07,64,7,107,128
gamewatch\model\kame\c00,64,7,112,0
gamewatch\model\kame\c01,64,7,112,128
gamewatch\model\kame\c02,64,7,113,0
gamewatch\model\kame\c03,64,7,113,128
gamewatch\model\kame\c04,64,7,114,0
gamewatch\model\kame\c05,64,7,114,128
gamewatch\model\kame\c06,64,7,115,0
gamewatch\model\kame\c07,64,7,115,128
gamewatch\model\manhole\c00,64,7,120,0
gamewatch\model\manhole\c01,64,7,120,128
gamewatch\model\manhole\c02,64,7,121,0
gamewatch\model\manhole\c03,64,7,121,128
gamewatch\model\manhole\c04,64,7,122,0
gamewatch\model\manhole\c05,64,7,122,128
gamewatch\model\manhole\c06,64,7,123,0
gamewatch\model\manhole\c07,64,7,123,128
gamewatch\model\octopus\c00,64,7,128,0
gamewatch\model\octopus\c01,64,7,128,128
gamewatch\model\octopus\c02,64,7,129,0
gamewatch\model\octopus\c03,64,7,129,128
gamewatch\model\octopus\c04,64,7,130,0
gamewatch\model\octopus\c05,64,7,130,128
gamewatch\model\octopus\c06,64,7,131,0
gamewatch\model\octopus\c07,64,7,131,128
gamewatch\model\oil\c00,64,7,136,0
gamewatch\model\oil\c01,64,7,136,128
gamewatch\model\oil\c02,64,7,137,0
gamewatch\model\oil\c03,64,7,137,128
gamewatch\model\oil\c04,64,7,138,0
gamewatch\model\oil\c05,64,7,138,128
gamewatch\model\oil\c06,64,7,139,0
gamewatch\model\oil\c07,64,7,139,128
gamewatch\model\panel\c00,64,7,144,0
gamewatch\model\panel\c01,64,7,144,128
gamewatch\model\panel\c02,64,7,145,0
gamewatch\model\panel\c03,64,7,145,128
gamewatch\model\panel\c04,64,7,146,0
gamewatch\model\panel\c05,64,7,146,128
gamewatch\model\panel\c06,64,7,147,0
gamewatch\model\panel\c07,64,7,147,128
gamewatch\model\parachute\c00,64,7,152,0
gamewatch\model\parachute\c01,64,7,152,128
gamewatch\model\parachute\c02,64,7,153,0
gamewatch\model\parachute\c03,64,7,153,128
gamewatch\model\parachute\c04,64,7,154,0
gamewatch\model\parachute\c05,64,7,154,128
gamewatch\model\parachute\c06,64,7,155,0
gamewatch\model\parachute\c07,64,7,155,128
gamewatch\model\rescue\c00,64,7,160,0
gamewatch\model\rescue\c01,64,7,160,128
gamewatch\model\rescue\c02,64,7,161,0
gamewatch\model\rescue\c03,64,7,161,128
gamewatch\model\rescue\c04,64,7,162,0
gamewatch\model\rescue\c05,64,7,162,128
gamewatch\model\rescue\c06,64,7,163,0
gamewatch\model\rescue\c07,64,7,163,128
gamewatch\model\sausage\c00,64,7,168,0
gamewatch\model\sausage\c01,64,7,168,128
gamewatch\model\sausage\c02,64,7,169,0
gamewatch\model\sausage\c03,64,7,169,128
gamewatch\model\sausage\c04,64,7,170,0
gamewatch\model\sausage\c05,64,7,170,128
gamewatch\model\sausage\c06,64,7,171,0
gamewatch\model\sausage\c07,64,7,171,128
gamewatch\model\spray\c00,64,7,176,0
gamewatch\model\spray\c01,64,7,176,128
gamewatch\model\spray\c02,64,7,177,0
gamewatch\model\spray\c03,64,7,177,128
gamewatch\model\spray\c04,64,7,178,0
gamewatch\model\spray\c05,64,7,178,128
gamewatch\model\spray\c06,64,7,179,0
gamewatch\model\spray\c07,64,7,179,128
gamewatch\model\steak\c00,64,7,184,0
gamewatch\model\steak\c01,64,7,184,128
gamewatch\model\steak\c02,64,7,185,0
gamewatch\model\steak\c03,64,7,185,128
gamewatch\model\steak\c04,64,7,186,0
gamewatch\model\steak\c05,64,7,186,128
gamewatch\model\steak\c06,64,7,187,0
gamewatch\model\steak\c07,64,7,187,128
gamewatch\model\tropicalfish\c00,64,7,192,0
gamewatch\model\tropicalfish\c01,64,7,192,128
gamewatch\model\tropicalfish\c02,64,7,193,0
gamewatch\model\tropicalfish\c03,64,7,193,128
gamewatch\model\tropicalfish\c04,64,7,194,0
gamewatch\model\tropicalfish\c05,64,7,194,128
gamewatch\model\tropicalfish\c06,64,7,195,0
gamewatch\model\tropicalfish\c07,64,7,195,128
ganon\model\beast\c00,64,8,72,0
ganon\model\body\c00,64,8,0,0
ganon\model\body\c01,64,8,4,0
ganon\model\body\c02,64,8,8,0
ganon\model\body\c03,64,8,12,0
ganon\model\body\c04,64,8,16,0
ganon\model\body\c05,64,8,20,0
ganon\model\body\c06,64,8,24,0
ganon\model\body\c07,64,8,28,0
ganon\model\body\l00,64,8,0,0
ganon\model\body\l01,64,8,4,0
ganon\model\body\l02,64,8,8,0
ganon\model\body\l03,64,8,12,0
ganon\model\body\l04,64,8,16,0
ganon\model\body\l05,64,8,20,0
ganon\model\body\l06,64,8,24,0
ganon\model\body\l07,64,8,28,0
ganon\model\sword\c00,64,8,80,0
gekkouga\model\body\c00,64,48,0,0
gekkouga\model\body\c01,64,48,4,0
gekkouga\model\body\c02,64,48,8,0
gekkouga\model\body\c03,64,48,12,0
gekkouga\model\body\c04,64,48,16,0
gekkouga\model\body\c05,64,48,20,0
gekkouga\model\body\c06,64,48,24,0
gekkouga\model\body\c07,64,48,28,0
gekkouga\model\bunshin\c00,64,48,112,0
gekkouga\model\monsterball\c00,64,48,104,0
gekkouga\model\moon\c00,64,48,96,0
gekkouga\model\tatami\c00,64,48,88,0
ike\model\body\c00,64,9,0,0
ike\model\body\c01,64,9,4,0
ike\model\body\c02,64,9,8,0
ike\model\body\c03,64,9,12,0
ike\model\body\c04,64,9,16,0
ike\model\body\c05,64,9,20,0
ike\model\body\c06,64,9,24,0
ike\model\body\c07,64,9,28,0
ike\model\body\l00,64,9,0,0
ike\model\body\l01,64,9,4,0
ike\model\body\l02,64,9,8,0
ike\model\body\l03,64,9,12,0
ike\model\body\l04,64,9,16,0
ike\model\body\l05,64,9,20,0
ike\model\body\l06,64,9,24,0
ike\model\body\l07,64,9,28,0
ike\model\sword\c00,64,9,72,0
kamui\model\body\c00,64,73,0,0
kamui\model\body\c01,64,73,4,0
kamui\model\body\c02,64,73,8,0
kamui\model\body\c03,64,73,12,0
kamui\model\body\c04,64,73,16,0
kamui\model\body\c05,64,73,20,0
kamui\model\body\c06,64,73,24,0
kamui\model\body\c07,64,73,28,0
kamui\model\body\l00,64,73,0,0
kamui\model\body\l01,64,73,4,0
kamui\model\body\l02,64,73,8,0
kamui\model\body\l03,64,73,12,0
kamui\model\body\l04,64,73,16,0
kamui\model\body\l05,64,73,20,0
kamui\model\body\l06,64,73,24,0
kamui\model\body\l07,64,73,28,0
kamui\model\dragonhand\c00,64,73,88,0
kamui\model\dragonhand\c01,64,73,88,128
kamui\model\dragonhand\c02,64,73,89,0
kamui\model\dragonhand\c03,64,73,89,128
kamui\model\dragonhand\c04,64,73,90,0
kamui\model\dragonhand\c05,64,73,90,128
kamui\model\dragonhand\c06,64,73,91,0
kamui\model\dragonhand\c07,64,73,91,128
kamui\model\spearhand\c00,64,73,80,0
kamui\model\spearhand\c01,64,73,80,128
kamui\model\spearhand\c02,64,73,81,0
kamui\model\spearhand\c03,64,73,81,128
kamui\model\spearhand\c04,64,73,82,0
kamui\model\spearhand\c05,64,73,82,128
kamui\model\spearhand\c06,64,73,83,0
kamui\model\spearhand\c07,64,73,83,128
kamui\model\waterdragon\c00,64,73,72,0
kamui\model\waterdragon\c01,64,73,72,128
kamui\model\waterdragon\c02,64,73,73,0
kamui\model\waterdragon\c03,64,73,73,128
kamui\model\waterdragon\c04,64,73,74,0
kamui\model\waterdragon\c05,64,73,74,128
kamui\model\waterdragon\c06,64,73,75,0
kamui\model\waterdragon\c07,64,73,75,128
kamui\model\waterstream\c00,64,73,96,0
kirby\model\bayonettacap\c00,64,60,0,0
kirby\model\bayonettagunl\c00,64,60,8,0
kirby\model\bayonettagunr\c00,64,60,16,0
kirby\model\body\c00,64,57,0,0
kirby\model\body\c01,64,57,4,0
kirby\model\body\c02,64,57,8,0
kirby\model\body\c03,64,57,12,0
kirby\model\body\c04,64,57,16,0
kirby\model\body\c05,64,57,20,0
kirby\model\body\c06,64,57,24,0
kirby\model\body\c07,64,57,28,0
kirby\model\captainhelmet\c00,64,57,216,0
kirby\model\cloudcap\c00,64,59,232,0
kirby\model\cloudsword\c00,64,59,224,0
kirby\model\dededecrown\c00,64,58,88,0
kirby\model\diddycap\c00,64,58,72,0
kirby\model\duckhuntparts\c00,64,59,40,0
kirby\model\finalcutter\c00,64,58,216,0
kirby\model\fitkirbydonkey\c00,64,58,184,0
kirby\model\fitkirbydonkey\c01,64,58,184,128
kirby\model\fitkirbydonkey\c02,64,58,185,0
kirby\model\fitkirbydonkey\c03,64,58,185,128
kirby\model\fitkirbydonkey\c04,64,58,186,0
kirby\model\fitkirbydonkey\c05,64,58,186,128
kirby\model\fitkirbydonkey\c06,64,58,187,0
kirby\model\fitkirbydonkey\c07,64,58,187,128
kirby\model\fitkirbyfalco\c00,64,58,192,0
kirby\model\fitkirbyfalco\c01,64,58,192,128
kirby\model\fitkirbyfalco\c02,64,58,193,0
kirby\model\fitkirbyfalco\c03,64,58,193,128
kirby\model\fitkirbyfalco\c04,64,58,194,0
kirby\model\fitkirbyfalco\c05,64,58,194,128
kirby\model\fitkirbyfalco\c06,64,58,195,0
kirby\model\fitkirbyfalco\c07,64,58,195,128
kirby\model\fitkirbygamewatch\c00,64,58,200,0
kirby\model\fitkirbypacman\c00,64,59,80,0
kirby\model\fitkirbypacman\c01,64,59,80,128
kirby\model\fitkirbypacman\c02,64,59,81,0
kirby\model\fitkirbypacman\c03,64,59,81,128
kirby\model\fitkirbypacman\c04,64,59,82,0
kirby\model\fitkirbypacman\c05,64,59,82,128
kirby\model\fitkirbypacman\c06,64,59,83,0
kirby\model\fitkirbypacman\c07,64,59,83,128
kirby\model\fitkirbypikmin\c00,64,58,208,0
kirby\model\fitkirbypikmin\c01,64,58,208,128
kirby\model\fitkirbypikmin\c02,64,58,209,0
kirby\model\fitkirbypikmin\c03,64,58,209,128
kirby\model\fitkirbypikmin\c04,64,58,210,0
kirby\model\fitkirbypikmin\c05,64,58,210,128
kirby\model\fitkirbypikmin\c06,64,58,211,0
kirby\model\fitkirbypikmin\c07,64,58,211,128
kirby\model\fitkirbyrockman\c00,64,59,88,0
kirby\model\fitkirbywiifit\c00,64,59,0,0
kirby\model\fitkirbywiifit\c01,64,59,0,128
kirby\model\fitkirbywiifit\c02,64,59,1,0
kirby\model\fitkirbywiifit\c03,64,59,1,128
kirby\model\fitkirbywiifit\c04,64,59,2,0
kirby\model\fitkirbywiifit\c05,64,59,2,128
kirby\model\fitkirbywiifit\c06,64,59,3,0
kirby\model\fitkirbywiifit\c07,64,59,3,128
kirby\model\foxear\c00,64,57,184,0
kirby\model\gamewatchpan\c00,64,57,144,0
kirby\model\ganoncap\c00,64,58,24,0
kirby\model\gekkougacap\c00,64,59,72,0
kirby\model\hammer\c00,64,57,72,0
kirby\model\ikecap\c00,64,58,104,0
kirby\model\ikesword\c00,64,58,112,0
kirby\model\kamuicap\c00,64,59,248,0
kirby\model\koopacap\c00,64,57,232,0
kirby\model\koopajrcannon\c00,64,59,56,0
kirby\model\koopajrcap\c00,64,59,48,0
kirby\model\linkcap\c00,64,57,160,0
kirby\model\littlemaccap\c00,64,59,8,0
kirby\model\lucariocap\c00,64,58,96,0
kirby\model\lucascap\c00,64,59,192,0
kirby\model\lucinamask\c00,64,59,96,0
kirby\model\lucinasword\c00,64,59,144,0
kirby\model\luigicap\c00,64,57,208,0
kirby\model\mariocap\c00,64,57,152,0
kirby\model\mariodparts\c00,64,59,112,0
kirby\model\marthcap\c00,64,58,8,0
kirby\model\marthsword\c00,64,58,16,0
kirby\model\metaknightmask\c00,64,58,40,0
kirby\model\metaknightsword\c00,64,58,48,0
kirby\model\mewtwocap\c00,64,59,184,0
kirby\model\mewtwocap\c01,64,59,184,128
kirby\model\mewtwocap\c02,64,59,185,0
kirby\model\mewtwocap\c03,64,59,185,128
kirby\model\mewtwocap\c04,64,59,186,0
kirby\model\mewtwocap\c05,64,59,186,128
kirby\model\mewtwocap\c06,64,59,187,0
kirby\model\mewtwocap\c07,64,59,187,128
kirby\model\miiparts\c00,64,59,168,0
kirby\model\miipartshead\c00,64,59,176,0
kirby\model\miiswordsmansword\c00,64,59,136,0
kirby\model\murabitocap\c00,64,59,16,0
kirby\model\nesscap\c00,64,57,224,0
kirby\model\palutenacap\c00,64,59,24,0
kirby\model\palutenawand\c00,64,59,128,0
kirby\model\peachcap\c00,64,57,240,0
kirby\model\pikachucap\c00,64,57,200,0
kirby\model\pitbparts\c00,64,59,104,0
kirby\model\pitparts\c00,64,58,56,0
kirby\model\pokelizardoncap\c00,64,58,80,0
kirby\model\purinparts\c00,64,58,152,0
kirby\model\refletcap\c00,64,59,32,0
kirby\model\robotgoggle\c00,64,58,120,0
kirby\model\rosettacap\c00,64,58,248,0
kirby\model\rosettaticomissile\c00,64,59,152,0
kirby\model\rosettaticowand\c00,64,59,160,0
kirby\model\roycap\c00,64,59,208,0
kirby\model\roysword\c00,64,59,216,0
kirby\model\ryucap\c00,64,59,200,0
kirby\model\samushelmet\c00,64,57,168,0
kirby\model\sheikcap\c00,64,58,0,0
kirby\model\shulkparts\c00,64,59,120,0
kirby\model\shulksword\c00,64,59,64,0
kirby\model\soniccap\c00,64,58,136,0
kirby\model\sonicsphere\c00,64,58,144,0
kirby\model\starmissile\c00,64,57,80,0
kirby\model\stone\c00,64,57,88,0
kirby\model\szerosuithair\c00,64,58,64,0
kirby\model\toonlinkcap\c00,64,58,128,0
kirby\model\ultrasword\c00,64,58,232,0
kirby\model\ultraswordhat\c00,64,58,240,0
kirby\model\wariohelmet\c00,64,58,32,0
kirby\model\warpstar\c00,64,57,136,0
kirby\model\yoshicap\c00,64,57,176,0
kirby\model\zeldacap\c00,64,57,248,0
koopa\model\body\c00,64,11,0,0
koopa\model\body\c01,64,11,4,0
koopa\model\body\c02,64,11,8,0
koopa\model\body\c03,64,11,12,0
koopa\model\body\c04,64,11,16,0
koopa\model\body\c05,64,11,20,0
koopa\model\body\c06,64,11,24,0
koopa\model\body\c07,64,11,28,0
koopag\model\body\c00,64,50,0,0
koopajr\model\body\c00,64,10,0,0
koopajr\model\body\c01,64,10,4,0
koopajr\model\body\c02,64,10,8,0
koopajr\model\body\c03,64,10,12,0
koopajr\model\body\c04,64,10,16,128
koopajr\model\body\c05,64,10,20,0
koopajr\model\body\c06,64,10,24,128
koopajr\model\body\c07,64,10,28,0
koopajr\model\cannonball\c00,64,10,104,0
koopajr\model\hammer\c00,64,10,72,0
koopajr\model\kart\c00,64,10,88,0
koopajr\model\kart\c01,64,10,88,128
koopajr\model\kart\c02,64,10,89,0
koopajr\model\kart\c03,64,10,89,128
koopajr\model\kart\c04,64,10,90,0
koopajr\model\kart\c05,64,10,90,128
koopajr\model\kart\c06,64,10,91,0
koopajr\model\kart\c07,64,10,91,128
koopajr\model\magichand\c00,64,10,80,0
koopajr\model\picopicohammer\c00,64,10,120,0
koopajr\model\remainclown\c00,64,10,96,0
koopajr\model\remainclown\c01,64,10,96,128
koopajr\model\remainclown\c02,64,10,97,0
koopajr\model\remainclown\c03,64,10,97,128
koopajr\model\remainclown\c04,64,10,98,0
koopajr\model\remainclown\c05,64,10,98,128
koopajr\model\remainclown\c06,64,10,99,0
koopajr\model\remainclown\c07,64,10,99,128
koopajr\model\shadowmario\c00,64,10,112,0
link\model\body\c00,64,12,0,0
link\model\body\c01,64,12,4,0
link\model\body\c02,64,12,8,0
link\model\body\c03,64,12,12,0
link\model\body\c04,64,12,16,0
link\model\body\c05,64,12,20,0
link\model\body\c06,64,12,24,0
link\model\body\c07,64,12,28,0
link\model\body\l00,64,12,0,0
link\model\body\l01,64,12,4,0
link\model\body\l02,64,12,8,0
link\model\body\l03,64,12,12,0
link\model\body\l04,64,12,16,0
link\model\body\l05,64,12,20,0
link\model\body\l06,64,12,24,0
link\model\body\l07,64,12,28,0
link\model\boomerang\c00,64,12,72,0
link\model\bow\c00,64,12,88,0
link\model\bowarrow\c00,64,12,80,0
link\model\clawshot\c00,64,12,120,0
link\model\clawshotall\c00,64,12,136,0
link\model\clawshothand\c00,64,12,104,0
link\model\clawshothead\c00,64,12,112,0
link\model\navy\c00,64,12,128,0
littlemac\model\body\c00,64,13,0,0
littlemac\model\body\c01,64,13,4,0
littlemac\model\body\c02,64,13,8,0
littlemac\model\body\c03,64,13,12,0
littlemac\model\body\c04,64,13,16,0
littlemac\model\body\c05,64,13,20,0
littlemac\model\body\c06,64,13,24,0
littlemac\model\body\c07,64,13,28,0
littlemac\model\body\c08,64,13,32,0
littlemac\model\body\c09,64,13,36,0
littlemac\model\body\c10,64,13,40,0
littlemac\model\body\c11,64,13,44,0
littlemac\model\body\c12,64,13,48,0
littlemac\model\body\c13,64,13,52,0
littlemac\model\body\c14,64,13,56,0
littlemac\model\body\c15,64,13,60,0
littlemac\model\championbelt\c00,64,13,88,0
littlemac\model\championbelt\c07,64,13,91,128
littlemac\model\championbelt\c15,64,13,95,128
littlemac\model\doclouis\c00,64,13,72,0
littlemac\model\throwsweat\c00,64,13,96,0
littlemac\model\throwsweat\c15,64,13,103,128
littlemacg\model\body\c00,64,51,0,0
lizardon\model\body\c00,64,14,0,0
lizardon\model\body\c01,64,14,4,0
lizardon\model\body\c02,64,14,8,0
lizardon\model\body\c03,64,14,12,0
lizardon\model\body\c04,64,14,16,0
lizardon\model\body\c05,64,14,20,0
lizardon\model\body\c06,64,14,24,0
lizardon\model\body\c07,64,14,28,0
lizardon\model\lizardonm\c00,64,14,88,0
lizardon\model\monsterball\c00,64,14,96,0
lizardon\model\rock\c00,64,14,72,0
lizardon\model\rockstone\c00,64,14,80,0
lucario\model\body\c00,64,15,0,0
lucario\model\body\c01,64,15,4,0
lucario\model\body\c02,64,15,8,0
lucario\model\body\c03,64,15,12,0
lucario\model\body\c04,64,15,16,0
lucario\model\body\c05,64,15,20,0
lucario\model\body\c06,64,15,24,0
lucario\model\body\c07,64,15,28,0
lucariom\model\body\c00,64,52,0,0
lucas\model\body\c00,64,69,0,0
lucas\model\body\c01,64,69,4,0
lucas\model\body\c02,64,69,8,0
lucas\model\body\c03,64,69,12,0
lucas\model\body\c04,64,69,16,0
lucas\model\body\c05,64,69,20,0
lucas\model\body\c06,64,69,24,0
lucas\model\body\c07,64,69,28,0
lucas\model\body\l00,64,69,0,0
lucas\model\body\l01,64,69,4,0
lucas\model\body\l02,64,69,8,0
lucas\model\body\l03,64,69,12,0
lucas\model\body\l04,64,69,16,0
lucas\model\body\l05,64,69,20,0
lucas\model\body\l06,64,69,24,0
lucas\model\body\l07,64,69,28,0
lucas\model\doseitable\c00,64,69,72,0
lucas\model\himohebi\c00,64,69,80,0
lucas\model\himohebireverse\c00,64,69,88,0
lucas\model\needle\c00,64,69,96,0
lucina\model\body\c00,64,47,0,0
lucina\model\body\c01,64,47,4,0
lucina\model\body\c02,64,47,8,0
lucina\model\body\c03,64,47,12,0
lucina\model\body\c04,64,47,16,0
lucina\model\body\c05,64,47,20,0
lucina\model\body\c06,64,47,24,0
lucina\model\body\c07,64,47,28,0
lucina\model\body\l00,64,47,0,0
lucina\model\body\l01,64,47,4,0
lucina\model\body\l02,64,47,8,0
lucina\model\body\l03,64,47,12,0
lucina\model\body\l04,64,47,16,0
lucina\model\body\l05,64,47,20,0
lucina\model\body\l06,64,47,24,0
lucina\model\body\l07,64,47,28,0
lucina\model\mask\c00,64,47,72,0
luigi\model\body\c00,64,16,0,0
luigi\model\body\c01,64,16,4,0
luigi\model\body\c02,64,16,8,0
luigi\model\body\c03,64,16,12,0
luigi\model\body\c04,64,16,16,0
luigi\model\body\c05,64,16,20,0
luigi\model\body\c06,64,16,24,0
luigi\model\body\c07,64,16,28,0
luigi\model\dokan\c00,64,16,88,0
luigi\model\fireball\c00,64,16,72,0
luigi\model\obakyumu\c00,64,16,80,0
mario\model\body\c00,64,17,0,0
mario\model\body\c01,64,17,4,0
mario\model\body\c02,64,17,8,0
mario\model\body\c03,64,17,12,0
mario\model\body\c04,64,17,16,0
mario\model\body\c05,64,17,20,0
mario\model\body\c06,64,17,24,0
mario\model\body\c07,64,17,28,0
mario\model\dokan\c00,64,17,72,0
mario\model\fireball\c00,64,17,88,0
mario\model\hugeflame\c00,64,17,112,0
mario\model\mantle\c00,64,17,80,0
mario\model\pump\c00,64,17,96,0
mario\model\pumpwater\c00,64,17,104,0
mariod\model\body\c00,64,46,0,0
mariod\model\body\c01,64,46,4,0
mariod\model\body\c02,64,46,8,0
mariod\model\body\c03,64,46,12,0
mariod\model\body\c04,64,46,16,0
mariod\model\body\c05,64,46,20,0
mariod\model\body\c06,64,46,24,0
mariod\model\body\c07,64,46,28,0
mariod\model\body\l00,64,46,0,0
mariod\model\body\l01,64,46,4,0
mariod\model\body\l02,64,46,8,0
mariod\model\body\l03,64,46,12,0
mariod\model\body\l04,64,46,16,0
mariod\model\body\l05,64,46,20,0
mariod\model\body\l06,64,46,24,0
mariod\model\body\l07,64,46,28,0
mariod\model\capsuleblock\c00,64,46,88,0
mariod\model\drcapsule\c00,64,46,72,0
mariod\model\drmantle\c00,64,46,80,0
mariod\model\hugecapsule\c00,64,46,104,0
mariod\model\stethoscope\c00,64,46,96,0
mariod\model\stethoscope\c01,64,46,96,128
mariod\model\stethoscope\c02,64,46,97,0
mariod\model\stethoscope\c03,64,46,97,128
mariod\model\stethoscope\c04,64,46,98,0
mariod\model\stethoscope\c05,64,46,98,128
mariod\model\stethoscope\c06,64,46,99,0
mariod\model\stethoscope\c07,64,46,99,128
marth\model\body\c00,64,18,0,0
marth\model\body\c01,64,18,4,0
marth\model\body\c02,64,18,8,0
marth\model\body\c03,64,18,12,0
marth\model\body\c04,64,18,16,0
marth\model\body\c05,64,18,20,0
marth\model\body\c06,64,18,24,0
marth\model\body\c07,64,18,28,0
marth\model\body\l00,64,18,0,0
marth\model\body\l01,64,18,4,0
marth\model\body\l02,64,18,8,0
marth\model\body\l03,64,18,12,0
marth\model\body\l04,64,18,16,0
marth\model\body\l05,64,18,20,0
marth\model\body\l06,64,18,24,0
marth\model\body\l07,64,18,28,0
metaknight\model\body\c00,64,19,0,0
metaknight\model\body\c01,64,19,4,0
metaknight\model\body\c02,64,19,8,0
metaknight\model\body\c03,64,19,12,0
metaknight\model\body\c04,64,19,16,0
metaknight\model\body\c05,64,19,20,0
metaknight\model\body\c06,64,19,24,0
metaknight\model\body\c07,64,19,28,0
metaknight\model\mantle\c00,64,19,72,0
metaknight\model\mantle\c01,64,19,72,128
metaknight\model\mantle\c02,64,19,73,0
metaknight\model\mantle\c03,64,19,73,128
metaknight\model\mantle\c04,64,19,74,0
metaknight\model\mantle\c05,64,19,74,128
metaknight\model\mantle\c06,64,19,75,0
metaknight\model\mantle\c07,64,19,75,128
mewtwo\model\body\c00,64,67,0,0
mewtwo\model\body\c01,64,67,4,0
mewtwo\model\body\c02,64,67,8,0
mewtwo\model\body\c03,64,67,12,0
mewtwo\model\body\c04,64,67,16,0
mewtwo\model\body\c05,64,67,20,0
mewtwo\model\body\c06,64,67,24,0
mewtwo\model\body\c07,64,67,28,0
mewtwo\model\mewtwom\c00,64,67,72,0
miienemyf\model\body\c00,64,54,0,0
miienemyf\model\body\c01,64,54,4,0
miienemyg\model\body\c00,64,56,0,0
miienemyg\model\body\c01,64,56,4,0
miienemys\model\body\c00,64,55,0,0
miienemys\model\body\c01,64,55,4,0
miifighter\model\body\c00,64,20,0,0
miifighter\model\body\c01,64,20,4,0
miifighter\model\body\c02,64,20,8,0
miifighter\model\body\c03,64,20,12,0
miifighter\model\body\c04,64,20,16,0
miifighter\model\body\c05,64,20,20,0
miifighter\model\body\c06,64,20,24,0
miifighter\model\body\c07,64,20,28,0
miifighter\model\body\c08,64,20,32,0
miifighter\model\body\c09,64,20,36,0
miifighter\model\body\c10,64,20,40,0
miifighter\model\body\c11,64,20,44,0
miifighter\model\body\c12,64,20,48,0
miifighter\model\body\c13,64,20,52,0
miifighter\model\body\c14,64,20,56,0
miifighter\model\body\c15,64,20,60,0
miifighter\model\body\c16,64,20,64,0
miifighter\model\body\c17,64,20,68,0
miifighter\model\body\c18,64,20,72,0
miifighter\model\body\c19,64,20,76,0
miifighter\model\body\c20,64,20,80,128
miifighter\model\body\c22,64,20,88,0
miifighter\model\body\c24,64,20,96,0
miifighter\model\body\c26,64,20,104,0
miifighter\model\body\c28,64,20,112,0
miifighter\model\body\c30,64,20,120,0
miifighter\model\body\c31,64,20,124,0
miifighter\model\body\c32,64,20,128,128
miifighter\model\body\c34,64,20,137,0
miifighter\model\body\c36,64,20,144,128
miifighter\model\body\c37,64,20,148,128
miifighter\model\body\c38,64,20,152,128
miifighter\model\body\c39,64,20,156,128
miifighter\model\ironball\c00,64,20,72,0
miigunner\model\body\c00,64,22,0,0
miigunner\model\body\c01,64,22,4,0
miigunner\model\body\c02,64,22,8,0
miigunner\model\body\c03,64,22,12,0
miigunner\model\body\c04,64,22,16,0
miigunner\model\body\c05,64,22,20,0
miigunner\model\body\c06,64,22,24,0
miigunner\model\body\c07,64,22,28,0
miigunner\model\body\c08,64,22,32,0
miigunner\model\body\c09,64,22,36,0
miigunner\model\body\c10,64,22,40,0
miigunner\model\body\c11,64,22,44,0
miigunner\model\body\c12,64,22,48,0
miigunner\model\body\c13,64,22,52,0
miigunner\model\body\c14,64,22,57,0
miigunner\model\body\c15,64,22,61,0
miigunner\model\body\c16,64,22,65,0
miigunner\model\body\c17,64,22,68,128
miigunner\model\body\c19,64,22,76,128
miigunner\model\body\c21,64,22,84,0
miigunner\model\body\c23,64,22,93,0
miigunner\model\body\c25,64,22,100,128
miigunner\model\body\c26,64,22,104,128
miigunner\model\body\c27,64,22,108,128
miigunner\model\body\c28,64,22,112,128
miigunner\model\body\c29,64,22,116,0
miigunner\model\body\c31,64,22,124,0
miigunner\model\body\c33,64,22,132,0
miigunner\model\body\c37,64,22,148,0
miigunner\model\body\c38,64,22,152,0
miigunner\model\body\c39,64,22,156,128
miigunner\model\body\c41,64,22,164,0
miigunner\model\fullthrottle\c00,64,22,112,0
miigunner\model\grenadelauncher\c00,64,22,88,0
miigunner\model\groundbomb\c00,64,22,80,0
miigunner\model\miimissile\c00,64,22,72,0
miigunner\model\supermissile\c00,64,22,96,0
miiswordsman\model\body\c00,64,21,0,0
miiswordsman\model\body\c01,64,21,4,0
miiswordsman\model\body\c02,64,21,8,0
miiswordsman\model\body\c03,64,21,12,0
miiswordsman\model\body\c04,64,21,16,0
miiswordsman\model\body\c05,64,21,20,0
miiswordsman\model\body\c06,64,21,24,0
miiswordsman\model\body\c07,64,21,28,0
miiswordsman\model\body\c08,64,21,32,0
miiswordsman\model\body\c09,64,21,36,0
miiswordsman\model\body\c10,64,21,40,0
miiswordsman\model\body\c11,64,21,44,0
miiswordsman\model\body\c12,64,21,48,0
miiswordsman\model\body\c13,64,21,52,0
miiswordsman\model\body\c14,64,21,56,128
miiswordsman\model\body\c15,64,21,60,128
miiswordsman\model\body\c16,64,21,64,128
miiswordsman\model\body\c18,64,21,72,128
miiswordsman\model\body\c20,64,21,80,0
miiswordsman\model\body\c22,64,21,88,0
miiswordsman\model\body\c24,64,21,96,128
miiswordsman\model\body\c25,64,21,100,128
miiswordsman\model\body\c26,64,21,105,0
miiswordsman\model\body\c28,64,21,112,0
miiswordsman\model\body\c29,64,21,116,0
miiswordsman\model\body\c31,64,21,124,128
miiswordsman\model\body\c33,64,21,132,0
miiswordsman\model\body\c35,64,21,140,128
miiswordsman\model\body\c36,64,21,144,128
miiswordsman\model\body\c37,64,21,149,0
miiswordsman\model\body\c38,64,21,153,0
miiswordsman\model\body\c40,64,21,160,0
miiswordsman\model\body\c41,64,21,164,0
miiswordsman\model\body\c42,64,21,168,0
miiswordsman\model\body\c43,64,21,172,0
miiswordsman\model\chakram\c00,64,21,72,0
murabito\model\balloon\c00,64,61,144,0
murabito\model\beetle\c00,64,62,8,0
murabito\model\body\c00,64,61,0,0
murabito\model\body\c01,64,61,4,0
murabito\model\body\c02,64,61,8,0
murabito\model\body\c03,64,61,12,0
murabito\model\body\c04,64,61,16,0
murabito\model\body\c05,64,61,20,0
murabito\model\body\c06,64,61,24,0
murabito\model\body\c07,64,61,28,0
murabito\model\bowlingball\c00,64,61,104,0
murabito\model\bullet\c00,64,61,208,0
murabito\model\butterflynet\c00,64,61,184,0
murabito\model\clayrocket\c00,64,61,136,0
murabito\model\firework\c00,64,61,112,0
murabito\model\flowerpot\c00,64,61,72,0
murabito\model\furniture\c00,64,62,0,0
murabito\model\helmet\c00,64,61,216,0
murabito\model\house\c00,64,61,248,0
murabito\model\moneybag\c00,64,62,16,0
murabito\model\seed\c00,64,61,152,0
murabito\model\slingshot\c00,64,61,128,0
murabito\model\sprout\c00,64,61,160,0
murabito\model\stump\c00,64,61,200,0
murabito\model\timmy\c00,64,61,240,0
murabito\model\tommy\c00,64,61,232,0
murabito\model\tomnook\c00,64,61,224,0
murabito\model\tree\c00,64,61,192,0
murabito\model\umbrella\c00,64,61,80,0
murabito\model\weeds\c00,64,61,96,0
ness\model\body\c00,64,23,0,0
ness\model\body\c01,64,23,4,0
ness\model\body\c02,64,23,8,0
ness\model\body\c03,64,23,12,0
ness\model\body\c04,64,23,16,0
ness\model\body\c05,64,23,20,0
ness\model\body\c06,64,23,24,0
ness\model\body\c07,64,23,28,0
ness\model\body\l00,64,23,0,0
ness\model\body\l01,64,23,4,0
ness\model\body\l02,64,23,8,0
ness\model\body\l03,64,23,12,0
ness\model\body\l04,64,23,16,0
ness\model\body\l05,64,23,20,0
ness\model\body\l06,64,23,24,0
ness\model\body\l07,64,23,28,0
ness\model\yoyo\c00,64,23,72,0
ness\model\yoyohead\c00,64,23,80,0
pacman\model\artisticpoint\c00,64,24,120,0
pacman\model\bigpacman\c00,64,24,104,0
pacman\model\body\c00,64,24,0,0
pacman\model\body\c01,64,24,4,0
pacman\model\body\c02,64,24,8,0
pacman\model\body\c03,64,24,12,0
pacman\model\body\c04,64,24,16,0
pacman\model\body\c05,64,24,20,0
pacman\model\body\c06,64,24,24,0
pacman\model\body\c07,64,24,28,0
pacman\model\firehydrant\c00,64,24,88,0
pacman\model\trampoline\c00,64,24,80,0
palutena\model\body\c00,64,25,0,0
palutena\model\body\c01,64,25,4,0
palutena\model\body\c02,64,25,8,0
palutena\model\body\c03,64,25,12,0
palutena\model\body\c04,64,25,16,0
palutena\model\body\c05,64,25,20,0
palutena\model\body\c06,64,25,24,0
palutena\model\body\c07,64,25,28,0
palutena\model\body\l00,64,25,0,0
palutena\model\body\l01,64,25,4,0
palutena\model\body\l02,64,25,8,0
palutena\model\body\l03,64,25,12,0
palutena\model\body\l04,64,25,16,0
palutena\model\body\l05,64,25,20,0
palutena\model\body\l06,64,25,24,0
palutena\model\body\l07,64,25,28,0
palutena\model\gate\c00,64,25,144,0
palutena\model\godwing\c00,64,25,80,0
peach\model\body\c00,64,26,0,0
peach\model\body\c01,64,26,4,0
peach\model\body\c02,64,26,8,0
peach\model\body\c03,64,26,12,0
peach\model\body\c04,64,26,16,0
peach\model\body\c05,64,26,20,0
peach\model\body\c06,64,26,24,0
peach\model\body\c07,64,26,28,0
peach\model\body\l00,64,26,0,0
peach\model\body\l01,64,26,4,0
peach\model\body\l02,64,26,8,0
peach\model\body\l03,64,26,12,0
peach\model\body\l04,64,26,16,0
peach\model\body\l05,64,26,20,0
peach\model\body\l06,64,26,24,0
peach\model\body\l07,64,26,28,0
peach\model\kassar\c00,64,26,72,0
peach\model\kassar\c01,64,26,72,128
peach\model\kassar\c02,64,26,73,0
peach\model\kassar\c03,64,26,73,128
peach\model\kassar\c04,64,26,74,0
peach\model\kassar\c05,64,26,74,128
peach\model\kassar\c06,64,26,75,0
peach\model\kassar\c07,64,26,75,128
peach\model\kinopio\c00,64,26,80,0
pikachu\model\body\c00,64,27,0,0
pikachu\model\body\c01,64,27,4,0
pikachu\model\body\c02,64,27,8,0
pikachu\model\body\c03,64,27,12,0
pikachu\model\body\c04,64,27,16,0
pikachu\model\body\c05,64,27,20,0
pikachu\model\body\c06,64,27,24,0
pikachu\model\body\c07,64,27,28,0
pikachu\model\dengeki\c00,64,27,72,0
pikachu\model\dengekidama\c00,64,27,80,0
pikachu\model\kaminari\c00,64,27,88,0
pikachu\model\monsterball\c00,64,27,96,0
pikmin\model\b\c00,64,28,120,0
pikmin\model\body\c00,64,28,0,0
pikmin\model\body\c01,64,28,4,0
pikmin\model\body\c02,64,28,8,0
pikmin\model\body\c03,64,28,12,0
pikmin\model\body\c04,64,28,16,0
pikmin\model\body\c05,64,28,20,0
pikmin\model\body\c06,64,28,24,0
pikmin\model\body\c07,64,28,28,0
pikmin\model\body\l00,64,28,0,0
pikmin\model\body\l01,64,28,4,0
pikmin\model\body\l02,64,28,8,0
pikmin\model\body\l03,64,28,12,0
pikmin\model\body\l04,64,28,16,0
pikmin\model\body\l05,64,28,20,0
pikmin\model\body\l06,64,28,24,0
pikmin\model\body\l07,64,28,28,0
pikmin\model\dolfin\c00,64,28,72,0
pikmin\model\r\c00,64,28,128,0
pikmin\model\v\c00,64,28,136,0
pikmin\model\w\c00,64,28,144,0
pikmin\model\win1\c00,64,28,80,0
pikmin\model\win2\c00,64,28,88,0
pikmin\model\win3\c00,64,28,96,0
pikmin\model\y\c00,64,28,152,0
pit\model\body\c00,64,29,0,0
pit\model\body\c01,64,29,4,0
pit\model\body\c02,64,29,8,0
pit\model\body\c03,64,29,12,0
pit\model\body\c04,64,29,16,0
pit\model\body\c05,64,29,20,0
pit\model\body\c06,64,29,24,0
pit\model\body\c07,64,29,28,0
pit\model\body\l00,64,29,0,0
pit\model\body\l01,64,29,4,0
pit\model\body\l02,64,29,8,0
pit\model\body\l03,64,29,12,0
pit\model\body\l04,64,29,16,0
pit\model\body\l05,64,29,20,0
pit\model\body\l06,64,29,24,0
pit\model\body\l07,64,29,28,0
pit\model\bow\c00,64,29,80,0
pit\model\bowarrow\c00,64,29,72,0
pit\model\chargeshot\c00,64,29,112,0
pit\model\lightarrow\c00,64,29,104,0
pit\model\three\c00,64,29,88,0
pit\model\three\c01,64,29,88,128
pit\model\three\c02,64,29,89,0
pit\model\three\c03,64,29,89,128
pit\model\three\c04,64,29,90,0
pit\model\three\c05,64,29,90,128
pit\model\three\c06,64,29,91,0
pit\model\three\c07,64,29,91,128
pitb\model\body\c00,64,49,0,0
pitb\model\body\c01,64,49,4,0
pitb\model\body\c02,64,49,8,0
pitb\model\body\c03,64,49,12,0
pitb\model\body\c04,64,49,16,0
pitb\model\body\c05,64,49,20,0
pitb\model\body\c06,64,49,24,0
pitb\model\body\c07,64,49,28,0
pitb\model\body\l00,64,49,0,0
pitb\model\body\l01,64,49,4,0
pitb\model\body\l02,64,49,8,0
pitb\model\body\l03,64,49,12,0
pitb\model\body\l04,64,49,16,0
pitb\model\body\l05,64,49,20,0
pitb\model\body\l06,64,49,24,0
pitb\model\body\l07,64,49,28,0
pitb\model\bow\c00,64,49,80,0
pitb\model\bowarrow\c00,64,49,72,0
purin\model\body\c00,64,30,0,0
purin\model\body\c01,64,30,4,0
purin\model\body\c02,64,30,8,0
purin\model\body\c03,64,30,12,0
purin\model\body\c04,64,30,16,0
purin\model\body\c05,64,30,20,0
purin\model\body\c06,64,30,24,0
purin\model\body\c07,64,30,28,0
purin\model\monsterball\c00,64,30,80,0
reflet\model\body\c00,64,31,0,0
reflet\model\body\c01,64,31,4,0
reflet\model\body\c02,64,31,8,0
reflet\model\body\c03,64,31,12,0
reflet\model\body\c04,64,31,16,0
reflet\model\body\c05,64,31,20,0
reflet\model\body\c06,64,31,24,0
reflet\model\body\c07,64,31,28,0
reflet\model\body\l00,64,31,0,0
reflet\model\body\l01,64,31,4,0
reflet\model\body\l02,64,31,8,0
reflet\model\body\l03,64,31,12,0
reflet\model\body\l04,64,31,16,0
reflet\model\body\l05,64,31,20,0
reflet\model\body\l06,64,31,24,0
reflet\model\body\l07,64,31,28,0
reflet\model\book\c00,64,31,72,0
reflet\model\chrom\c00,64,31,128,0
reflet\model\window\c00,64,31,120,0
robot\model\body\c00,64,32,0,0
robot\model\body\c01,64,32,4,0
robot\model\body\c02,64,32,8,0
robot\model\body\c03,64,32,12,0
robot\model\body\c04,64,32,16,0
robot\model\body\c05,64,32,20,0
robot\model\body\c06,64,32,24,0
robot\model\body\c07,64,32,28,0
robot\model\gyro\c00,64,32,80,0
robot\model\gyro\c01,64,32,80,128
robot\model\gyro\c02,64,32,81,0
robot\model\gyro\c03,64,32,81,128
robot\model\gyro\c04,64,32,82,0
robot\model\gyro\c05,64,32,82,128
robot\model\gyro\c06,64,32,83,0
robot\model\gyro\c07,64,32,83,128
robot\model\gyroholder\c00,64,32,72,0
robot\model\gyroholder\c01,64,32,72,128
robot\model\gyroholder\c02,64,32,73,0
robot\model\gyroholder\c03,64,32,73,128
robot\model\gyroholder\c04,64,32,74,0
robot\model\gyroholder\c05,64,32,74,128
robot\model\gyroholder\c06,64,32,75,0
robot\model\gyroholder\c07,64,32,75,128
rockman\model\beat\c00,64,33,176,0
rockman\model\body\c00,64,33,0,0
rockman\model\body\c01,64,33,4,0
rockman\model\body\c02,64,33,8,0
rockman\model\body\c03,64,33,12,0
rockman\model\body\c04,64,33,16,0
rockman\model\body\c05,64,33,20,0
rockman\model\body\c06,64,33,24,0
rockman\model\body\c07,64,33,28,0
rockman\model\crashbomb\c00,64,33,104,0
rockman\model\dangerwrap\c00,64,33,208,0
rockman\model\hardknuckle\c00,64,33,96,0
rockman\model\hardknuckle\c01,64,33,96,128
rockman\model\hardknuckle\c02,64,33,97,0
rockman\model\hardknuckle\c03,64,33,97,128
rockman\model\hardknuckle\c04,64,33,98,0
rockman\model\hardknuckle\c05,64,33,98,128
rockman\model\hardknuckle\c06,64,33,99,0
rockman\model\hardknuckle\c07,64,33,99,128
rockman\model\leafshield\c00,64,33,120,0
rockman\model\leftarm\c00,64,33,128,0
rockman\model\leftarm\c01,64,33,128,128
rockman\model\leftarm\c02,64,33,129,0
rockman\model\leftarm\c03,64,33,129,128
rockman\model\leftarm\c04,64,33,130,0
rockman\model\leftarm\c05,64,33,130,128
rockman\model\leftarm\c06,64,33,131,0
rockman\model\leftarm\c07,64,33,131,128
rockman\model\plantbarrier\c00,64,33,232,0
rockman\model\rightarm\c00,64,33,136,0
rockman\model\rightarm\c01,64,33,136,128
rockman\model\rightarm\c02,64,33,137,0
rockman\model\rightarm\c03,64,33,137,128
rockman\model\rightarm\c04,64,33,138,0
rockman\model\rightarm\c05,64,33,138,128
rockman\model\rightarm\c06,64,33,139,0
rockman\model\rightarm\c07,64,33,139,128
rockman\model\rockbuster\c00,64,33,88,0
rockman\model\rockmandash\c00,64,33,152,0
rockman\model\rockmanexe\c00,64,33,160,0
rockman\model\rockmanx\c00,64,33,144,0
rockman\model\rushcoil\c00,64,33,112,0
rockman\model\shootingstarrockman\c00,64,33,168,0
rockman\model\skullbarrier\c00,64,33,224,0
rockman\model\tornadohold\c00,64,33,216,0
rosetta\model\body\c00,64,34,0,0
rosetta\model\body\c01,64,34,4,0
rosetta\model\body\c02,64,34,8,0
rosetta\model\body\c03,64,34,12,0
rosetta\model\body\c04,64,34,16,0
rosetta\model\body\c05,64,34,20,0
rosetta\model\body\c06,64,34,24,0
rosetta\model\body\c07,64,34,28,0
rosetta\model\body\l00,64,34,0,0
rosetta\model\body\l01,64,34,4,0
rosetta\model\body\l02,64,34,8,0
rosetta\model\body\l03,64,34,12,0
rosetta\model\body\l04,64,34,16,0
rosetta\model\body\l05,64,34,20,0
rosetta\model\body\l06,64,34,24,0
rosetta\model\body\l07,64,34,28,0
rosetta\model\pointer\c00,64,34,96,0
rosetta\model\powerstar\c00,64,34,104,0
rosetta\model\ring\c00,64,34,88,0
rosetta\model\starpiece\c00,64,34,80,0
rosetta\model\tico\c00,64,34,72,0
roy\model\body\c00,64,70,0,0
roy\model\body\c01,64,70,4,0
roy\model\body\c02,64,70,8,0
roy\model\body\c03,64,70,12,0
roy\model\body\c04,64,70,16,0
roy\model\body\c05,64,70,20,0
roy\model\body\c06,64,70,24,0
roy\model\body\c07,64,70,28,0
roy\model\body\c08,64,70,0,0
roy\model\body\l00,64,70,0,0
roy\model\body\l01,64,70,4,0
roy\model\body\l02,64,70,8,0
roy\model\body\l03,64,70,12,0
roy\model\body\l04,64,70,16,0
roy\model\body\l05,64,70,20,0
roy\model\body\l06,64,70,24,0
roy\model\body\l07,64,70,28,0
roy\model\roysword\c00,64,70,72,0
ryu\model\body\c00,64,68,0,0
ryu\model\body\c01,64,68,4,0
ryu\model\body\c02,64,68,8,0
ryu\model\body\c03,64,68,12,0
ryu\model\body\c04,64,68,16,0
ryu\model\body\c05,64,68,20,0
ryu\model\body\c06,64,68,24,0
ryu\model\body\c07,64,68,28,0
ryu\model\body\l00,64,68,0,0
ryu\model\body\l01,64,68,4,0
ryu\model\body\l02,64,68,8,0
ryu\model\body\l03,64,68,12,0
ryu\model\body\l04,64,68,16,0
ryu\model\body\l05,64,68,20,0
ryu\model\body\l06,64,68,24,0
ryu\model\body\l07,64,68,28,0
ryu\model\sack\c00,64,68,72,0
samus\model\body\c00,64,36,0,0
samus\model\body\c01,64,36,4,0
samus\model\body\c02,64,36,8,0
samus\model\body\c03,64,36,12,0
samus\model\body\c04,64,36,16,0
samus\model\body\c05,64,36,20,0
samus\model\body\c06,64,36,24,0
samus\model\body\c07,64,36,28,0
samus\model\body\l00,64,36,0,0
samus\model\body\l01,64,36,4,0
samus\model\body\l02,64,36,8,0
samus\model\body\l03,64,36,12,0
samus\model\body\l04,64,36,16,0
samus\model\body\l05,64,36,20,0
samus\model\body\l06,64,36,24,0
samus\model\body\l07,64,36,28,0
samus\model\bomb\c00,64,36,72,0
samus\model\gbeam\c00,64,36,80,0
samus\model\gun\c00,64,36,96,0
samus\model\gun\c01,64,36,96,128
samus\model\gun\c02,64,36,97,0
samus\model\gun\c03,64,36,97,128
samus\model\gun\c04,64,36,98,0
samus\model\gun\c05,64,36,98,128
samus\model\gun\c06,64,36,99,0
samus\model\gun\c07,64,36,99,128
samus\model\missile\c00,64,36,104,0
samus\model\supermissile\c00,64,36,112,0
samus\model\transportation\c00,64,36,120,0
sheik\model\body\c00,64,37,0,0
sheik\model\body\c01,64,37,4,0
sheik\model\body\c02,64,37,8,0
sheik\model\body\c03,64,37,12,0
sheik\model\body\c04,64,37,16,0
sheik\model\body\c05,64,37,20,0
sheik\model\body\c06,64,37,24,0
sheik\model\body\c07,64,37,28,0
sheik\model\body\l00,64,37,0,0
sheik\model\body\l01,64,37,4,0
sheik\model\body\l02,64,37,8,0
sheik\model\body\l03,64,37,12,0
sheik\model\body\l04,64,37,16,0
sheik\model\body\l05,64,37,20,0
sheik\model\body\l06,64,37,24,0
sheik\model\body\l07,64,37,28,0
sheik\model\lightingbow\c00,64,37,96,0
sheik\model\lightingbowarrow\c00,64,37,104,0
sheik\model\needle\c00,64,37,72,0
sheik\model\needlehave\c00,64,37,80,0
shulk\model\body\c00,64,39,0,0
shulk\model\body\c01,64,39,4,0
shulk\model\body\c02,64,39,8,0
shulk\model\body\c03,64,39,12,0
shulk\model\body\c04,64,39,16,0
shulk\model\body\c05,64,39,20,0
shulk\model\body\c06,64,39,24,0
shulk\model\body\c07,64,39,28,0
shulk\model\body\l00,64,39,0,0
shulk\model\body\l01,64,39,4,0
shulk\model\body\l02,64,39,8,0
shulk\model\body\l03,64,39,12,0
shulk\model\body\l04,64,39,16,0
shulk\model\body\l05,64,39,20,0
shulk\model\body\l06,64,39,24,0
shulk\model\body\l07,64,39,28,0
shulk\model\dunban\c00,64,39,104,0
shulk\model\riki\c00,64,39,96,0
sonic\model\body\c00,64,38,0,0
sonic\model\body\c01,64,38,4,0
sonic\model\body\c02,64,38,8,0
sonic\model\body\c03,64,38,12,0
sonic\model\body\c04,64,38,16,0
sonic\model\body\c05,64,38,20,0
sonic\model\body\c06,64,38,24,0
sonic\model\body\c07,64,38,28,0
sonic\model\chaosemerald\c00,64,38,80,0
sonic\model\gimmickjump\c00,64,38,72,0
sonic\model\supersonic\c00,64,38,88,0
szerosuit\model\body\c00,64,40,0,0
szerosuit\model\body\c01,64,40,4,0
szerosuit\model\body\c02,64,40,8,0
szerosuit\model\body\c03,64,40,12,0
szerosuit\model\body\c04,64,40,16,0
szerosuit\model\body\c05,64,40,20,0
szerosuit\model\body\c06,64,40,24,0
szerosuit\model\body\c07,64,40,28,0
szerosuit\model\body\l00,64,40,0,0
szerosuit\model\body\l01,64,40,4,0
szerosuit\model\body\l02,64,40,8,0
szerosuit\model\body\l03,64,40,12,0
szerosuit\model\body\l04,64,40,16,0
szerosuit\model\body\l05,64,40,20,0
szerosuit\model\body\l06,64,40,24,0
szerosuit\model\body\l07,64,40,28,0
szerosuit\model\cockpit\c00,64,40,96,0
szerosuit\model\gunship\c00,64,40,88,0
szerosuit\model\paralyzer\c00,64,40,72,0
szerosuit\model\whip\c00,64,40,80,0
toonlink\model\body\c00,64,41,0,0
toonlink\model\body\c01,64,41,4,0
toonlink\model\body\c02,64,41,8,0
toonlink\model\body\c03,64,41,12,0
toonlink\model\body\c04,64,41,16,0
toonlink\model\body\c05,64,41,20,0
toonlink\model\body\c06,64,41,24,0
toonlink\model\body\c07,64,41,28,0
toonlink\model\body\l00,64,41,0,0
toonlink\model\body\l01,64,41,4,0
toonlink\model\body\l02,64,41,8,0
toonlink\model\body\l03,64,41,12,0
toonlink\model\body\l04,64,41,16,0
toonlink\model\body\l05,64,41,20,0
toonlink\model\body\l06,64,41,24,0
toonlink\model\body\l07,64,41,28,0
toonlink\model\boomerang\c00,64,41,72,0
toonlink\model\bow\c00,64,41,88,0
toonlink\model\bowarrow\c00,64,41,80,0
toonlink\model\fairy\c00,64,41,152,0
toonlink\model\hookshot\c00,64,41,120,0
toonlink\model\hookshotall\c00,64,41,128,0
toonlink\model\hookshothand\c00,64,41,104,0
toonlink\model\hookshothead\c00,64,41,112,0
toonlink\model\pig\c00,64,41,136,0
toonlink\model\takt\c00,64,41,144,0
wario\model\body\c00,64,42,0,0
wario\model\body\c01,64,42,4,0
wario\model\body\c02,64,42,8,0
wario\model\body\c03,64,42,12,0
wario\model\body\c04,64,42,16,0
wario\model\body\c05,64,42,20,0
wario\model\body\c06,64,42,24,0
wario\model\body\c07,64,42,28,0
wario\model\body\l00,64,42,0,0
wario\model\body\l01,64,42,4,0
wario\model\body\l02,64,42,8,0
wario\model\body\l03,64,42,12,0
wario\model\body\l04,64,42,16,0
wario\model\body\l05,64,42,20,0
wario\model\body\l06,64,42,24,0
wario\model\body\l07,64,42,28,0
wario\model\garlic\c00,64,42,72,0
wario\model\wariobike\c00,64,42,80,0
warioman\model\body\c00,64,53,0,0
wiifit\model\balanceboard\c00,64,43,80,0
wiifit\model\body\c00,64,43,0,0
wiifit\model\body\c01,64,43,4,0
wiifit\model\body\c02,64,43,8,0
wiifit\model\body\c03,64,43,12,0
wiifit\model\body\c04,64,43,16,0
wiifit\model\body\c05,64,43,20,0
wiifit\model\body\c06,64,43,24,0
wiifit\model\body\c07,64,43,28,0
wiifit\model\body\l00,64,43,0,0
wiifit\model\body\l01,64,43,4,0
wiifit\model\body\l02,64,43,8,0
wiifit\model\body\l03,64,43,12,0
wiifit\model\body\l04,64,43,16,0
wiifit\model\body\l05,64,43,20,0
wiifit\model\body\l06,64,43,24,0
wiifit\model\body\l07,64,43,28,0
wiifit\model\hulahoop\c00,64,43,72,0
wiifit\model\towel\c00,64,43,96,0
wiifit\model\wiibo\c00,64,43,88,0
yoshi\model\body\c00,64,44,0,0
yoshi\model\body\c01,64,44,4,0
yoshi\model\body\c02,64,44,8,0
yoshi\model\body\c03,64,44,12,0
yoshi\model\body\c04,64,44,16,0
yoshi\model\body\c05,64,44,20,0
yoshi\model\body\c06,64,44,24,0
yoshi\model\body\c07,64,44,28,0
yoshi\model\body\l00,64,44,0,0
yoshi\model\body\l01,64,44,4,0
yoshi\model\body\l02,64,44,8,0
yoshi\model\body\l03,64,44,12,0
yoshi\model\body\l04,64,44,16,0
yoshi\model\body\l05,64,44,20,0
yoshi\model\body\l06,64,44,24,0
yoshi\model\body\l07,64,44,28,0
yoshi\model\tamago\c00,64,44,72,0
yoshi\model\tamago\c01,64,44,72,128
yoshi\model\tamago\c02,64,44,73,0
yoshi\model\tamago\c03,64,44,73,128
yoshi\model\tamago\c04,64,44,74,0
yoshi\model\tamago\c05,64,44,74,128
yoshi\model\tamago\c06,64,44,75,0
yoshi\model\tamago\c07,64,44,75,128
yoshi\model\wing\c00,64,44,80,0
zelda\model\body\c00,64,45,0,0
zelda\model\body\c01,64,45,4,0
zelda\model\body\c02,64,45,8,0
zelda\model\body\c03,64,45,12,0
zelda\model\body\c04,64,45,16,0
zelda\model\body\c05,64,45,20,0
zelda\model\body\c06,64,45,24,0
zelda\model\body\c07,64,45,28,0
zelda\model\body\l00,64,45,0,0
zelda\model\body\l01,64,45,4,0
zelda\model\body\l02,64,45,8,0
zelda\model\body\l03,64,45,12,0
zelda\model\body\l04,64,45,16,0
zelda\model\body\l05,64,45,20,0
zelda\model\body\l06,64,45,24,0
zelda\model\body\l07,64,45,28,0
zelda\model\lightingbow\c00,64,45,72,0
zelda\model\lightingbowarrow\c00,64,45,80,0
zelda\model\phantom\c00,64,45,88,0
